turn,student,tutor
1,"Hello, my name is Ahmad. I am studying ML.","Hello Ahmad, nice to meet you. What specifically about Machine Learning (ML) would you like to discuss or learn today? Are you working on a project, or do you have a particular topic in mind?"
2,Can you explain what overfitting means?,"Hello Ahmad. Overfitting occurs when a model is too complex and learns the noise or randomness in the training data, instead of the underlying patterns. As a result, the model performs well on the training data but poorly on new, unseen data, leading to a high error rate. This is because the model has become too specialized in memorizing the training data, rather than generalizing to the larger population."
3,What techniques can prevent the problem you just explained?,"Hello Ahmad. To prevent overfitting, some common techniques are:

1. **Regularization**: Adding a penalty term to the loss function to discourage large weights.
2. **Data augmentation**: Increasing the size of the training dataset by applying transformations (e.g., rotation, scaling) to existing data.
3. **Early stopping**: Stopping training when the model's performance on the validation set starts to degrade.
4. **Cross-validation**: Training and evaluating the model on multiple subsets of the data to avoid overfitting to a single subset.
5. **Decreasing model complexity**: Using simpler models or fewer parameters to avoid overfitting."
4,Which of those techniques did we use in our PyTorch model?,"I don't recall any specific PyTorch model we worked on together, Ahmad. This is our first session, and we haven't discussed any code or models yet."
5,Can you summarize everything we discussed today?,"Here's a summary of our conversation, Ahmad:

1. We started with you introducing yourself as a Machine Learning (ML) student.
2. You asked me to explain what overfitting means in ML.
3. I explained that overfitting occurs when a model is too complex and learns the noise in the training data instead of the underlying patterns.
4. You asked about techniques to prevent overfitting.
5. I listed five common techniques: regularization, data augmentation, early stopping, cross-validation, and decreasing model complexity.
6. You asked which of these techniques we used in our PyTorch model, but since we didn't work on any code together, I couldn't recall any specific model."
